{
	"info": {
		"_postman_id": "04ab2033-9ec8-4587-9a63-b972846d661d",
		"name": "CreditCardAPIs",
		"schema": "https://schema.getpostman.com/json/collection/v2.1.0/collection.json",
		"_exporter_id": "33103765",
		"_collection_link": "https://cloudy-firefly-901926.postman.co/workspace/113b827f-7316-4c20-8194-7671ae5325aa/collection/33103765-04ab2033-9ec8-4587-9a63-b972846d661d?action=share&source=collection_link&creator=33103765"
	},
	"item": [
		{
			"name": "CreditCard",
			"item": [
				{
					"name": "CreditCard",
					"request": {
						"method": "GET",
						"header": [],
						"url": {
							"raw": "{{URL}}CreditCard",
							"host": [
								"{{URL}}CreditCard"
							]
						}
					},
					"response": []
				},
				{
					"name": "CreditCard",
					"request": {
						"method": "PUT",
						"header": [],
						"body": {
							"mode": "raw",
							"raw": "{\r\n  \"id\": 1,\r\n  \"interestRate\": 0.45\r\n}",
							"options": {
								"raw": {
									"language": "json"
								}
							}
						},
						"url": {
							"raw": "{{URL}}CreditCard",
							"host": [
								"{{URL}}CreditCard"
							]
						}
					},
					"response": []
				},
				{
					"name": "CreditCard",
					"request": {
						"method": "POST",
						"header": [],
						"body": {
							"mode": "raw",
							"raw": "{\r\n  \"embossedName\": \"Luis Morales\",\r\n  \"cardNumber\": \"45454545505050\",\r\n  \"accountNumber\": \"45454545505050\",\r\n  \"limitCard\": 1000.00,\r\n  \"interestRate\": 0.50,\r\n  \"creditCardStatusId\": 1,\r\n  \"customerId\": 2\r\n}",
							"options": {
								"raw": {
									"language": "json"
								}
							}
						},
						"url": {
							"raw": "{{URL}}CreditCard",
							"host": [
								"{{URL}}CreditCard"
							]
						}
					},
					"response": []
				}
			]
		},
		{
			"name": "CreditCardStatus",
			"item": [
				{
					"name": "CreditCardStatus",
					"request": {
						"method": "POST",
						"header": [],
						"body": {
							"mode": "raw",
							"raw": "{\r\n  \"creditCardStatusCode\": \"ENT\",\r\n  \"creditCardStatusName\": \"Tarjeta entregada\"\r\n}",
							"options": {
								"raw": {
									"language": "json"
								}
							}
						},
						"url": {
							"raw": "{{URL}}CreditCardStatus",
							"host": [
								"{{URL}}CreditCardStatus"
							]
						}
					},
					"response": []
				},
				{
					"name": "CreditCardStatus",
					"request": {
						"method": "GET",
						"header": [],
						"url": {
							"raw": "{{URL}}CreditCardStatus",
							"host": [
								"{{URL}}CreditCardStatus"
							]
						}
					},
					"response": []
				},
				{
					"name": "CreditCardStatus",
					"request": {
						"method": "PUT",
						"header": [],
						"body": {
							"mode": "raw",
							"raw": "{\r\n  \"id\": 1,\r\n  \"creditCardStatusCode\": \"ENTR\",\r\n  \"creditCardStatusName\": \"Tarjeta entregada al cliente\"\r\n}",
							"options": {
								"raw": {
									"language": "json"
								}
							}
						},
						"url": {
							"raw": "{{URL}}CreditCardStatus",
							"host": [
								"{{URL}}CreditCardStatus"
							]
						}
					},
					"response": []
				}
			]
		},
		{
			"name": "Customer",
			"item": [
				{
					"name": "Customer",
					"request": {
						"method": "PUT",
						"header": [],
						"body": {
							"mode": "raw",
							"raw": "{\r\n  \"id\": 1,\r\n  \"firstName\": \"Luis\",\r\n  \"secondName\": \"Jose\",\r\n  \"lastName\": \"Morales\",\r\n  \"secondLastName\": \"Marcos\"\r\n}",
							"options": {
								"raw": {
									"language": "json"
								}
							}
						},
						"url": {
							"raw": "{{URL}}Customer",
							"host": [
								"{{URL}}Customer"
							]
						}
					},
					"response": []
				},
				{
					"name": "Customer",
					"request": {
						"method": "POST",
						"header": [],
						"body": {
							"mode": "raw",
							"raw": "{\r\n  \"firstName\": \"Luis\",\r\n  \"secondName\": \"Jose\",\r\n  \"lastName\": \"Morales\",\r\n  \"secondLastName\": \"Landaverde\"\r\n}",
							"options": {
								"raw": {
									"language": "json"
								}
							}
						},
						"url": {
							"raw": "{{URL}}Customer",
							"host": [
								"{{URL}}Customer"
							]
						}
					},
					"response": []
				},
				{
					"name": "Customer",
					"request": {
						"method": "GET",
						"header": [],
						"url": {
							"raw": "{{URL}}Customer/Maria",
							"host": [
								"{{URL}}Customer"
							],
							"path": [
								"Maria"
							]
						}
					},
					"response": []
				}
			]
		},
		{
			"name": "Transaction",
			"item": [
				{
					"name": "Transaction",
					"protocolProfileBehavior": {
						"disableBodyPruning": true
					},
					"request": {
						"method": "GET",
						"header": [],
						"body": {
							"mode": "raw",
							"raw": "{\r\n  \"id\": 1,\r\n  \"firstName\": \"Luis\",\r\n  \"secondName\": \"Jose\",\r\n  \"lastName\": \"Morales\",\r\n  \"secondLastName\": \"Marcos\"\r\n}",
							"options": {
								"raw": {
									"language": "json"
								}
							}
						},
						"url": {
							"raw": "{{URL}}Transaction",
							"host": [
								"{{URL}}Transaction"
							]
						}
					},
					"response": []
				},
				{
					"name": "Transaction",
					"request": {
						"method": "POST",
						"header": [],
						"body": {
							"mode": "raw",
							"raw": "{\r\n  \"description\": \"Prueba\",\r\n  \"amount\": 1.50,\r\n  \"transactionTypeId\": 2,\r\n  \"creditCardId\": 1\r\n}",
							"options": {
								"raw": {
									"language": "json"
								}
							}
						},
						"url": {
							"raw": "{{URL}}Transaction",
							"host": [
								"{{URL}}Transaction"
							]
						}
					},
					"response": []
				},
				{
					"name": "Transaction By Type and CCId",
					"request": {
						"method": "GET",
						"header": [],
						"url": {
							"raw": "{{URL}}Transaction/1/1",
							"host": [
								"{{URL}}Transaction"
							],
							"path": [
								"1",
								"1"
							]
						}
					},
					"response": []
				}
			]
		},
		{
			"name": "TransactionType",
			"item": [
				{
					"name": "TransactionType",
					"request": {
						"method": "PUT",
						"header": [],
						"body": {
							"mode": "raw",
							"raw": "{\r\n  \"id\": 1,\r\n  \"transactionTypeCode\": \"TA0\",\r\n  \"transactionTypeDescription\": \"Tasa 0 actualizacion\"\r\n}",
							"options": {
								"raw": {
									"language": "json"
								}
							}
						},
						"url": {
							"raw": "{{URL}}TransactionType",
							"host": [
								"{{URL}}TransactionType"
							]
						}
					},
					"response": []
				},
				{
					"name": "TransactionType",
					"request": {
						"method": "POST",
						"header": [],
						"body": {
							"mode": "raw",
							"raw": "{\r\n  \"transactionTypeCode\": \"TA0\",\r\n  \"transactionTypeDescription\": \"Compra Tasa 0\"\r\n}",
							"options": {
								"raw": {
									"language": "json"
								}
							}
						},
						"url": {
							"raw": "{{URL}}TransactionType",
							"host": [
								"{{URL}}TransactionType"
							]
						}
					},
					"response": []
				},
				{
					"name": "TransactionType",
					"request": {
						"method": "GET",
						"header": [],
						"url": {
							"raw": "{{URL}}TransactionType",
							"host": [
								"{{URL}}TransactionType"
							]
						}
					},
					"response": []
				}
			]
		},
		{
			"name": "GlobalConfiguration",
			"item": [
				{
					"name": "GlobalConfiguration",
					"request": {
						"method": "POST",
						"header": [],
						"body": {
							"mode": "raw",
							"raw": "{\r\n  \"code\": \"TEST\",\r\n  \"configurationVal\": \"PRUEBA Crea\"\r\n}",
							"options": {
								"raw": {
									"language": "json"
								}
							}
						},
						"url": {
							"raw": "{{URL}}GlobalConfiguration",
							"host": [
								"{{URL}}GlobalConfiguration"
							]
						}
					},
					"response": []
				},
				{
					"name": "GlobalConfiguration",
					"request": {
						"method": "PUT",
						"header": [],
						"body": {
							"mode": "raw",
							"raw": "{\r\n  \"id\":1,\r\n  \"code\": \"TEST\",\r\n  \"configurationVal\": \"PRUEBA Actualiza\"\r\n}",
							"options": {
								"raw": {
									"language": "json"
								}
							}
						},
						"url": {
							"raw": "{{URL}}GlobalConfiguration",
							"host": [
								"{{URL}}GlobalConfiguration"
							]
						}
					},
					"response": []
				},
				{
					"name": "GlobalConfiguration",
					"request": {
						"method": "GET",
						"header": [],
						"url": {
							"raw": "{{URL}}GlobalConfiguration",
							"host": [
								"{{URL}}GlobalConfiguration"
							]
						}
					},
					"response": []
				}
			]
		},
		{
			"name": "Statement",
			"request": {
				"method": "GET",
				"header": [],
				"url": {
					"raw": "{{URL}}Statement/1",
					"host": [
						"{{URL}}Statement"
					],
					"path": [
						"1"
					]
				}
			},
			"response": [
				{
					"name": "Statement",
					"originalRequest": {
						"method": "GET",
						"header": [],
						"url": {
							"raw": "https://localhost:7104/api/v1/Statement/1",
							"protocol": "https",
							"host": [
								"localhost"
							],
							"port": "7104",
							"path": [
								"api",
								"v1",
								"Statement",
								"1"
							]
						}
					},
					"_postman_previewlanguage": "json",
					"header": [
						{
							"key": "Content-Type",
							"value": "application/json",
							"name": "Content-Type",
							"description": "",
							"type": "text"
						}
					],
					"cookie": [],
					"body": "{\n    \"cardNumMask\": \"4545 **** **** 5050\",\n    \"name\": \"Maria Hernandez\",\n    \"currentBalance\": 100.25,\n    \"availableBalance\": 909.75,\n    \"creditLimit\": 1000,\n    \"interestRate\": 0.35,\n    \"minInterestRate\": 0.1,\n    \"minAmountPay\": 10.03,\n    \"redeemableInterest\": 35.09,\n    \"totalCurrentMonthPurchase\": 100.25,\n    \"totalPreviousMonthPurchase\": 0\n}"
				}
			]
		}
	]
}